Street,Latitude,Longitude,Congestion,Incidents,Sequence,Segment_Points
1 AVE,40.733469,-73.981015,0.21,2,1,2
1 AVE,40.763130,-73.959400,0.21,2,2,2
10 AVE,40.688757,-74.006905,0.21,2,3,2
10 AVE,40.809238,-73.959243,0.21,2,4,2
101 AVE,40.690188,-73.825172,0.21,2,5,2
101 ST,40.764978,-73.868895,0.21,2,6,2
102 ST,40.755681,-73.865703,0.21,2,7,2
102 ST,40.743354,-73.861115,0.21,2,8,2
103 AVE,40.683554,-73.840487,0.21,2,9,2
104 ST,40.752205,-73.862910,0.21,2,10,2
107 AVE,40.680623,-73.837135,0.21,2,11,2
108 ST,40.750603,-73.858635,0.21,2,12,2
108 ST,40.738316,-73.852375,0.21,2,13,2
108 ST,40.734976,-73.850650,0.21,2,14,2
108 ST,40.732608,-73.849433,0.21,2,15,2
108 ST,40.710632,-73.842615,0.21,2,16,2
109 AVE,40.683948,-73.816928,0.21,2,17,2
11 AVE,40.747127,-74.007440,0.21,2,18,2
11 AVE,40.695593,-74.001225,0.21,2,19,2
11 AVE,40.776024,-73.921035,0.21,2,20,2
110 AVE,40.691784,-73.792418,0.21,2,21,2
111 ST,40.753035,-73.856305,0.21,2,22,2
112 RD,40.704716,-73.735152,0.21,2,23,2
113 AVE,40.703913,-73.739928,0.21,2,24,2
114 ST,40.710522,-73.840958,0.32,3,25,2
115 AVE,40.693559,-73.752703,0.21,2,26,2
116 AVE,40.679911,-73.802188,0.21,2,27,2
116 ST,40.695434,-73.831428,0.21,2,28,2
12 AVE,40.758040,-74.003360,0.21,2,29,2
12 AVE,40.793970,-73.977502,0.21,2,30,2
120 AVE,40.687933,-73.750627,0.21,2,31,2
124 ST,40.735570,-73.830345,0.21,2,32,2
128 AVE,40.676295,-73.781090,0.21,2,33,2
13 AVE,40.618904,-74.008880,0.21,2,34,2
130 ST,40.740229,-73.830482,0.21,2,35,2
130 ST,40.679786,-73.813691,0.32,3,36,2
134 ST,40.680416,-73.810010,0.21,2,37,2
14 AVE,40.788062,-73.817680,0.21,2,38,2
146 ST,40.762791,-73.821278,0.21,2,39,2
146 ST,40.733210,-73.814785,0.21,2,40,2
149 ST,40.731192,-73.810370,0.21,2,41,2
150 ST,40.742485,-73.814262,0.21,2,42,2
150 ST,40.704220,-73.805432,0.21,2,43,2
160 ST,40.744017,-73.798922,0.21,2,44,2
164 STREET,40.727237,-73.803883,0.21,2,45,2
165 ST,40.691834,-73.785863,0.21,2,46,2
168 STREET,40.717257,-73.797995,0.21,2,47,2
18 AVE,40.607539,-74.002293,0.32,3,48,2
183 ST,40.698352,-73.774760,0.21,2,49,2
188 ST,40.721280,-73.776954,0.21,2,50,2
192 ST,40.760746,-73.789850,0.21,2,51,2
2 AVE,40.649086,-74.016935,0.21,2,52,2
2 AVE,40.701189,-73.990095,0.21,2,53,2
2 AVE,40.742316,-73.977680,0.21,2,54,2
2 AVE,40.750473,-73.971733,0.21,2,55,2
2 AVE,40.757698,-73.966467,0.21,2,56,2
2 AVE,40.760609,-73.964343,0.32,3,57,2
2 AVE,40.764048,-73.961830,0.21,2,58,2
2 AVE,40.774280,-73.954370,0.21,2,59,2
20 AVE,40.780997,-73.908100,0.21,2,60,2
201 ST,40.714179,-73.758730,0.21,2,61,2
202 ST,40.734725,-73.768873,0.21,2,62,2
21 AVE,40.694818,-73.950540,0.21,2,63,2
21 ST,40.748488,-73.946287,0.21,2,64,2
21 ST,40.756969,-73.939580,0.32,3,65,2
23 AVE,40.690461,-73.914335,0.21,2,66,2
27 ST,40.760947,-73.930063,0.21,2,67,2
28 AVE,40.769510,-73.876215,0.21,2,68,2
29 ST,40.768556,-73.922860,0.21,2,69,2
3 AVE,40.641735,-74.020680,0.21,2,70,2
3 AVE,40.652439,-74.009613,0.21,2,71,2
3 AVE,40.666601,-73.995180,0.21,2,72,2
3 AVE,40.673873,-73.989010,0.21,2,73,2
3 AVE,40.708969,-73.984110,0.21,2,74,2
3 AVE,40.718707,-73.977125,0.21,2,75,2
3 AVE,40.756135,-73.970535,0.21,2,76,2
3 AVE,40.836705,-73.902095,0.21,2,77,2
30 AVE,40.764700,-73.903563,0.21,2,78,2
30 PL,40.743210,-73.936720,0.21,2,79,2
31 AVE,40.759018,-73.906956,0.21,2,80,2
31 ST,40.699415,-73.967525,0.21,2,81,2
31 ST,40.762450,-73.924995,0.21,2,82,2
31 ST,40.769607,-73.918605,0.21,2,83,2
32 AVE,40.758837,-73.872175,0.21,2,84,2
32 ST,40.759948,-73.925918,0.21,2,85,2
33 ST,40.758268,-73.926180,0.21,2,86,2
34 AVE,40.755514,-73.908730,0.21,2,87,2
34 ST,40.752121,-73.925485,0.21,2,88,2
35 AVE,40.751298,-73.889350,0.21,2,89,2
35 AVE,40.760641,-73.825066,0.21,2,90,2
36 ST,40.703180,-73.966165,0.21,2,91,2
37 AVE,40.751789,-73.869750,0.21,2,92,2
37 ST,40.703396,-73.957265,0.21,2,93,2
38 ST,40.753821,-73.924267,0.21,2,94,2
39 AVE,40.753815,-73.872128,0.21,2,95,2
39 ST,40.696690,-73.960282,0.32,3,96,2
4 AVE,40.633147,-74.020370,0.21,2,97,2
40 RD,40.758663,-73.830688,0.21,2,98,2
41 AVE,40.747591,-73.867490,0.21,2,99,2
41 AVE,40.756201,-73.817025,0.21,2,100,2
43 AVE,40.755408,-73.875575,0.21,2,101,2
43 ST,40.708953,-73.956573,0.21,2,102,2
44 ST,40.643812,-73.999110,0.21,2,103,2
45 AVE,40.747712,-73.845530,0.21,2,104,2
46 AVE,40.752120,-73.858175,0.21,2,105,2
46 ST,40.643311,-74.001310,0.21,2,106,2
46 ST,40.769413,-73.903555,0.21,2,107,2
48 ST,40.685497,-73.954940,0.21,2,108,2
48 ST,40.741941,-73.917042,0.21,2,109,2
5 AVE,40.684810,-74.005800,0.21,2,110,2
5 AVE,40.751294,-73.982485,0.21,2,111,2
5 AVE,40.720664,-73.976525,0.21,2,112,2
5 AVE,40.780512,-73.961155,0.21,2,113,2
5 AVE,40.806717,-73.942048,0.21,2,114,2
50 ST,40.645789,-74.011445,0.21,2,115,2
54 ST,40.688024,-73.943133,0.21,2,116,2
57 ST,40.643860,-74.018825,0.21,2,117,2
58 AVE,40.747408,-73.770005,0.21,2,118,2
58 ST,40.747227,-73.905383,0.21,2,119,2
6 AVE,40.636545,-74.015627,0.21,2,120,2
6 AVE,40.653384,-73.998655,0.21,2,121,2
65 ST,40.636640,-74.019152,0.32,3,122,2
65 ST,40.629638,-74.007577,0.21,2,123,2
65 ST,40.623325,-73.997120,0.21,2,124,2
69 AVE,40.712828,-73.874920,0.21,2,125,2
69 ST,40.744030,-73.896372,0.32,3,126,2
69 ST,40.735889,-73.895825,0.32,3,127,2
69 ST,40.722064,-73.892715,0.21,2,128,2
7 AVE,40.688942,-74.004900,0.21,2,129,2
7 AVE,40.747852,-73.992910,0.21,2,130,2
7 AVE,40.756372,-73.986703,0.21,2,131,2
70 ST,40.678113,-73.943655,0.21,2,132,2
71 AVE,40.711245,-73.849703,0.21,2,133,2
73 AVE,40.730974,-73.795130,0.21,2,134,2
74 ST,40.757494,-73.893330,0.21,2,135,2
75 ST,40.730975,-73.884263,0.21,2,136,2
76 ST,40.623446,-74.017565,0.21,2,137,2
77 ST,40.624236,-74.018745,0.21,2,138,2
78 AVE,40.713727,-73.839010,0.21,2,139,2
79 ST,40.683752,-73.941477,0.21,2,140,2
8 AVE,40.688753,-74.004868,0.21,2,141,2
8 AVE,40.745055,-73.998660,0.32,3,142,2
8 AVE,40.750908,-73.994395,0.21,2,143,2
8 AVE,40.758180,-73.989095,0.21,2,144,2
8 AVE,40.767229,-73.982495,0.21,2,145,2
8 AVE,40.670913,-73.975167,0.21,2,146,2
80 ST,40.686256,-73.945835,0.21,2,147,2
80 ST,40.719080,-73.875597,0.21,2,148,2
81 ST,40.621597,-74.018731,0.21,2,149,2
82 ST,40.608883,-73.999185,0.21,2,150,2
82 ST,40.726613,-73.873312,0.21,2,151,2
85 AVE,40.705415,-73.825760,0.21,2,152,2
85 ST,40.686092,-73.942933,0.21,2,153,2
86 ST,40.622478,-74.028638,0.21,2,154,2
86 ST,40.617682,-74.019900,0.42,4,155,2
86 ST,40.608008,-74.003883,0.21,2,156,2
86 ST,40.591045,-73.975828,0.21,2,157,2
87 ST,40.688791,-73.957215,0.21,2,158,2
88 ST,40.729334,-73.870888,0.21,2,159,2
89 AVE,40.705215,-73.803655,0.21,2,160,2
9 AVE,40.700565,-73.995658,0.21,2,161,2
9 AVE,40.763485,-73.988949,0.21,2,162,2
9 AVE,40.815514,-73.951595,0.32,3,163,2
90 ST,40.746601,-73.875290,0.21,2,164,2
94 ST,40.692991,-73.957712,0.21,2,165,2
94 ST,40.729321,-73.863360,0.21,2,166,2
97 STREET,40.762518,-73.872440,0.21,2,167,2
98 ST,40.739830,-73.863013,0.32,3,168,2
ADAM CLAYTON POWELL JR BLVD,40.812454,-73.945785,0.32,3,169,2
ADAM CLAYTON POWELL JR BLVD,40.814970,-73.943945,0.21,2,170,2
ALABAMA AVE,40.656481,-73.892410,0.21,2,171,2
ALBANY AVE,40.666134,-73.939717,0.21,2,172,2
ALBANY AVE,40.660287,-73.939240,0.21,2,173,2
ALLERTON AVE,40.865397,-73.868890,0.21,2,174,2
AMBOY RD,40.513289,-74.239245,0.21,2,175,2
AMSTERDAM AVE,40.794060,-73.970367,0.21,2,176,2
AMSTERDAM AVE,40.802058,-73.964530,0.32,3,177,2
AMSTERDAM AVE,40.813165,-73.956425,0.21,2,178,2
AMSTERDAM AVE,40.840739,-73.936275,0.21,2,179,2
AMSTERDAM AVE,40.849653,-73.929772,0.21,2,180,2
AQUEDUCT AVE E,40.859678,-73.906535,0.21,2,181,2
ARCHER AVE,40.701650,-73.803352,0.21,2,182,2
ARTHUR KILL RD,40.517303,-74.240675,0.21,2,183,2
ARTHUR KILL RD,40.551338,-74.204690,0.21,2,184,2
ARTHUR KILL RD,40.560783,-74.168360,0.21,2,185,2
ASTOR AVE,40.859676,-73.859777,0.21,2,186,2
ASTORIA BLVD N,40.769470,-73.910653,0.21,2,187,2
ATKINS AVE,40.664385,-73.874485,0.21,2,188,2
ATLANTIC AVE,40.691481,-73.998841,0.32,3,189,2
ATLANTIC AVE,40.685675,-73.981608,0.32,3,190,2
ATLANTIC AVE,40.680475,-73.961357,0.21,2,191,2
ATLANTIC AVE,40.678084,-73.942763,0.32,3,192,2
ATLANTIC AVE,40.677767,-73.936827,0.32,3,193,2
ATLANTIC AVE,40.677019,-73.923300,0.21,2,194,2
ATLANTIC AVE,40.676721,-73.917852,0.21,2,195,2
ATLANTIC AVE,40.675895,-73.904385,0.21,2,196,2
ATLANTIC AVE,40.675680,-73.897815,0.53,5,197,2
ATLANTIC AVE,40.676079,-73.893522,0.21,2,198,2
ATLANTIC AVE,40.677962,-73.884638,0.21,2,199,2
ATLANTIC AVE,40.679753,-73.878345,0.32,3,200,2
ATLANTIC AVE,40.684677,-73.861060,0.21,2,201,2
ATLANTIC AVE,40.693087,-73.831088,0.21,2,202,2
AUSTIN ST,40.720562,-73.845880,0.21,2,203,2
AVENUE D,40.681980,-73.962983,0.32,3,204,2
AVENUE D,40.644804,-73.918573,0.32,3,205,2
AVENUE H,40.629973,-73.962190,0.21,2,206,2
AVENUE I,40.626918,-73.967777,0.21,2,207,2
AVENUE J,40.625426,-73.959160,0.21,2,208,2
AVENUE J,40.635039,-73.909610,0.21,2,209,2
AVENUE K,40.625660,-73.938145,0.21,2,210,2
AVENUE K,40.625948,-73.925675,0.21,2,211,2
AVENUE K,40.635003,-73.905155,0.32,3,212,2
AVENUE L,40.628890,-73.932090,0.21,2,213,2
AVENUE M,40.625095,-73.934278,0.21,2,214,2
AVENUE M,40.638389,-73.891400,0.21,2,215,2
AVENUE N,40.623245,-73.924678,0.21,2,216,2
AVENUE N,40.636148,-73.890514,0.21,2,217,2
AVENUE O,40.610270,-73.983498,0.21,2,218,2
AVENUE OF THE AMERICAS,40.742267,-73.993273,0.21,2,219,2
AVENUE OF THE AMERICAS,40.752964,-73.985470,0.21,2,220,2
AVENUE P,40.610456,-73.958110,0.21,2,221,2
AVENUE P,40.612680,-73.947550,0.21,2,222,2
AVENUE S,40.601326,-73.976797,0.21,2,223,2
AVENUE T,40.600151,-73.965328,0.21,2,224,2
AVENUE U,40.598764,-73.957003,0.21,2,225,2
AVENUE X,40.590110,-73.974182,0.21,2,226,2
AVENUE Y,40.589147,-73.963282,0.21,2,227,2
BAILEY AVE,40.881198,-73.899035,0.21,2,228,2
BAINBRIDGE AVE,40.879452,-73.879035,0.21,2,229,2
BAISLEY BLVD,40.680431,-73.775113,0.21,2,230,2
BAISLEY BLVD,40.681550,-73.772260,0.21,2,231,2
BARCLAY ST,40.712662,-74.009550,0.21,2,232,2
BARKER AVE,40.871628,-73.869235,0.21,2,233,2
BARNES AVE,40.862507,-73.862500,0.21,2,234,2
BARRETTO ST,40.813214,-73.889003,0.21,2,235,2
BARTOW AVE,40.868944,-73.831103,0.21,2,236,2
BAY 8 ST,40.604622,-74.017757,0.21,2,237,2
BAY PKWY,40.604979,-73.990660,0.21,2,238,2
BAY PKWY,40.614973,-73.980257,0.21,2,239,2
BAY RIDGE AVE,40.616977,-73.992760,0.21,2,240,2
BAY RIDGE PKWY,40.617511,-74.002810,0.21,2,241,2
BAY ST,40.632292,-74.073885,0.21,2,242,2
BAYARD ST,40.717401,-73.973510,0.21,2,243,2
BEACH 19 ST,40.600769,-73.752330,0.21,2,244,2
BEACH CHANNEL DR,40.581604,-73.851220,0.21,2,245,2
BEACH CHANNEL DR,40.598185,-73.767450,0.21,2,246,2
BEDFORD AVE,40.709502,-73.963147,0.21,2,247,2
BEDFORD AVE,40.715552,-73.959903,0.21,2,248,2
BEDFORD AVE,40.678641,-73.956833,0.32,3,249,2
BEDFORD AVE,40.662026,-73.956550,0.21,2,250,2
BEDFORD AVE,40.655880,-73.956387,0.21,2,251,2
BEDFORD AVE,40.659865,-73.955910,0.21,2,252,2
BEDFORD AVE,40.671761,-73.955826,0.21,2,253,2
BEDFORD AVE,40.679702,-73.955425,0.21,2,254,2
BEDFORD AVE,40.682475,-73.953735,0.21,2,255,2
BEDFORD AVE,40.601737,-73.946979,0.21,2,256,2
BELMONT AVE,40.672102,-73.885432,0.21,2,257,2
BELT PARKWAY,40.620426,-74.041195,0.21,2,258,2
BELT PARKWAY,40.624645,-74.032490,0.21,2,259,2
BELT PARKWAY,40.604806,-74.026525,0.32,3,260,2
BELT PARKWAY,40.640698,-74.022835,0.21,2,261,2
BELT PARKWAY,40.601470,-74.012530,0.32,3,262,2
BELT PARKWAY,40.595040,-73.998217,0.32,3,263,2
BELT PARKWAY,40.590458,-73.993930,0.21,2,264,2
BELT PARKWAY,40.583557,-73.972140,0.53,5,265,2
BELT PARKWAY,40.584707,-73.960140,0.21,2,266,2
BELT PARKWAY,40.584730,-73.950850,0.32,3,267,2
BELT PARKWAY,40.584690,-73.947125,0.21,2,268,2
BELT PARKWAY,40.585159,-73.942485,0.21,2,269,2
BELT PARKWAY,40.584903,-73.928805,0.21,2,270,2
BELT PARKWAY,40.584941,-73.917137,0.21,2,271,2
BELT PARKWAY,40.600534,-73.902957,0.21,2,272,2
BELT PARKWAY,40.625027,-73.893352,0.21,2,273,2
BELT PARKWAY,40.642602,-73.876522,0.21,2,274,2
BELT PARKWAY,40.651511,-73.866155,0.21,2,275,2
BELT PARKWAY,40.653294,-73.862985,0.32,3,276,2
BELT PARKWAY,40.666292,-73.838195,0.21,2,277,2
BELT PARKWAY,40.664935,-73.820460,0.21,2,278,2
BELT PARKWAY,40.665877,-73.809793,0.21,2,279,2
BELT PARKWAY,40.666246,-73.791735,0.21,2,280,2
BELT PARKWAY,40.667296,-73.778155,0.21,2,281,2
BELT PARKWAY,40.666145,-73.759127,0.42,4,282,2
BELT PARKWAY,40.665657,-73.745535,0.32,3,283,2
BELT PARKWAY RAMP,40.634858,-74.018588,0.21,2,284,2
BELT PKWY,40.631232,-73.832918,0.32,3,285,2
BEVERLEY RD,40.644815,-73.956515,0.21,2,286,2
BLEECKER ST,40.734986,-74.004845,0.21,2,287,2
BLEECKER ST,40.713114,-73.960255,0.21,2,288,2
BOND ST,40.661806,-74.058163,0.21,2,289,2
BORDEN AVE,40.738254,-73.937455,0.21,2,290,2
BORDEN AVE,40.726764,-73.904595,0.21,2,291,2
BOSTON RD,40.836359,-73.890475,0.21,2,292,2
BOSTON RD,40.873280,-73.853661,0.21,2,293,2
BOSTON RD,40.878829,-73.843475,0.21,2,294,2
BOWERY,40.722923,-73.993100,0.21,2,295,2
BOWNE ST,40.721777,-73.916192,0.21,2,296,2
BRIGHTON BEACH AVE,40.578139,-73.957367,0.21,2,297,2
BROADWAY,40.719799,-74.001540,0.21,2,298,2
BROADWAY,40.754328,-73.985775,0.21,2,299,2
BROADWAY,40.774585,-73.981805,0.21,2,300,2
BROADWAY,40.809929,-73.962500,0.21,2,301,2
BROADWAY,40.708665,-73.958575,0.21,2,302,2
BROADWAY,40.762124,-73.954920,0.21,2,303,2
BROADWAY,40.704785,-73.949080,0.21,2,304,2
BROADWAY,40.767877,-73.945837,0.21,2,305,2
BROADWAY,40.835621,-73.943740,0.21,2,306,2
BROADWAY,40.771298,-73.941498,0.21,2,307,2
BROADWAY,40.846916,-73.938175,0.21,2,308,2
BROADWAY,40.773263,-73.935815,0.21,2,309,2
BROADWAY,40.773613,-73.934100,0.32,3,310,2
BROADWAY,40.777092,-73.931390,0.21,2,311,2
BROADWAY,40.692932,-73.928075,0.21,2,312,2
BROADWAY,40.867353,-73.922160,0.21,2,313,2
BROADWAY,40.813917,-73.919180,0.21,2,314,2
BROADWAY,40.778887,-73.916723,0.21,2,315,2
BROADWAY,40.779579,-73.911525,0.21,2,316,2
BROADWAY,40.896017,-73.897815,0.21,2,317,2
BROADWAY,40.746347,-73.890665,0.21,2,318,2
BRONX PARK E,40.860424,-73.870120,0.32,3,319,2
BRONX RIVER PARKWAY,40.850064,-73.872402,0.21,2,320,2
BRONX RIVER PARKWAY,40.852221,-73.871953,0.21,2,321,2
BRONX RIVER PARKWAY,40.875802,-73.870890,0.21,2,322,2
BRONX RIVER PARKWAY,40.883440,-73.868099,0.21,2,323,2
BRONX RIVER PARKWAY RAMP,40.825248,-73.872340,0.21,2,324,2
BRONX RIVER PKWY,40.881755,-73.867062,0.21,2,325,2
BROOKLYN AVE,40.663490,-73.945472,0.21,2,326,2
BROOKLYN BATTERY TUNNEL,40.693607,-74.011773,0.32,3,327,2
BROOKLYN QUEENS EXPRESSWAY,40.621477,-74.022295,0.21,2,328,2
BROOKLYN QUEENS EXPRESSWAY,40.630542,-74.016995,0.21,2,329,2
BROOKLYN QUEENS EXPRESSWAY,40.683384,-74.001670,0.21,2,330,2
BROOKLYN QUEENS EXPRESSWAY,40.682322,-73.999355,0.21,2,331,2
BROOKLYN QUEENS EXPRESSWAY,40.698927,-73.996275,0.21,2,332,2
BROOKLYN QUEENS EXPRESSWAY,40.700255,-73.985320,0.21,2,333,2
BROOKLYN QUEENS EXPRESSWAY,40.696438,-73.978065,0.42,4,334,2
BROOKLYN QUEENS EXPRESSWAY,40.697195,-73.964120,0.32,3,335,2
BROOKLYN QUEENS EXPRESSWAY,40.700467,-73.961422,0.42,4,336,2
BROOKLYN QUEENS EXPRESSWAY,40.710449,-73.956018,0.21,2,337,2
BROOKLYN QUEENS EXPRESSWAY,40.714640,-73.952593,0.32,3,338,2
BROOKLYN QUEENS EXPRESSWAY,40.718972,-73.946335,0.21,2,339,2
BROOKLYN QUEENS EXPRESSWAY,40.721168,-73.942625,0.32,3,340,2
BROOKLYN QUEENS EXPRESSWAY,40.725551,-73.934185,0.32,3,341,2
BROOKLYN QUEENS EXPRESSWAY,40.731660,-73.923088,0.32,3,342,2
BROOKLYN QUEENS EXPRESSWAY,40.746672,-73.903145,0.21,2,343,2
BROOKLYN QUEENS EXPRESSWAY,40.747822,-73.896780,0.21,2,344,2
BROOKLYN QUEENS EXPRESSWAY RAMP,40.688250,-73.991967,0.21,2,345,2
BROOKVILLE BLVD,40.663442,-73.740795,0.21,2,346,2
BROOKVILLE BOULEVARD,40.657110,-73.738480,0.32,3,347,2
BROOME ST,40.721376,-73.998163,0.21,2,348,2
BRUCKNER BLVD,40.806387,-73.926417,0.21,2,349,2
BRUCKNER BLVD,40.804094,-73.918000,0.32,3,350,2
BRUCKNER BLVD,40.808831,-73.905163,0.42,4,351,2
BRUCKNER BLVD,40.817276,-73.893700,0.21,2,352,2
BRUCKNER BLVD,40.820774,-73.889895,0.53,5,353,2
BRUCKNER BLVD,40.824982,-73.868142,0.21,2,354,2
BRUCKNER BLVD,40.825902,-73.859907,0.21,2,355,2
BRUCKNER BLVD,40.826609,-73.854718,0.21,2,356,2
BRUCKNER BLVD,40.840959,-73.828177,0.21,2,357,2
BRUCKNER BOULEVARD,40.840387,-73.833080,0.32,3,358,2
BRUCKNER EXPRESSWAY,40.809520,-73.903548,0.21,2,359,2
BRUCKNER EXPRESSWAY,40.821592,-73.886293,0.21,2,360,2
BRUCKNER EXPRESSWAY,40.825431,-73.863990,0.21,2,361,2
BRUCKNER EXPRESSWAY,40.827298,-73.849735,0.32,3,362,2
BRUCKNER EXPRESSWAY,40.828959,-73.837412,0.21,2,363,2
BRUCKNER EXPRESSWAY,40.830683,-73.833065,0.21,2,364,2
BRUCKNER EXPRESSWAY,40.842647,-73.827420,0.32,3,365,2
BRUCKNER EXPRESSWAY,40.855652,-73.826335,0.32,3,366,2
BRUCKNER EXPRESSWAY,40.848520,-73.825870,0.21,2,367,2
BRUCKNER EXPY,40.823343,-73.880298,0.21,2,368,2
BRUCKNER EXPY,40.828582,-73.842568,0.21,2,369,2
BURKE AVE,40.871418,-73.865798,0.32,3,370,2
BUSHWICK AVE,40.700970,-73.936595,0.21,2,371,2
BUSHWICK AVE,40.698185,-73.933840,0.21,2,372,2
BUSHWICK AVE,40.696258,-73.930350,0.21,2,373,2
BUSHWICK AVE,40.687294,-73.914267,0.21,2,374,2
BUSHWICK AVE,40.684512,-73.909385,0.21,2,375,2
BUSHWICK AVE,40.681303,-73.903740,0.42,4,376,2
CANAL ST,40.720862,-74.003950,0.21,2,377,2
CANAL ST,40.718913,-74.001209,0.32,3,378,2
CANAL ST,40.715946,-73.995127,0.21,2,379,2
CARLTON AVE,40.682939,-73.971177,0.21,2,380,2
CASTLE HILL AVE,40.830494,-73.850705,0.32,3,381,2
CATHEDRAL PKWY,40.803570,-73.965280,0.21,2,382,2
CENTRAL AVE,40.693880,-73.917755,0.21,2,383,2
CENTRAL AVE,40.688743,-73.908740,0.21,2,384,2
CENTRAL AVE,40.655468,-73.815253,0.21,2,385,2
CENTRAL PARK W,40.776903,-73.975460,0.32,3,386,2
CENTRAL PARK W,40.789107,-73.966560,0.21,2,387,2
CHURCH AVE,40.650322,-73.955390,0.21,2,388,2
CHURCH AVE,40.651774,-73.931345,0.21,2,389,2
CHURCH AVE,40.652446,-73.925592,0.21,2,390,2
CHURCH AVE,40.652478,-73.922315,0.21,2,391,2
CHURCH AVE,40.655212,-73.916207,0.21,2,392,2
CLARENDON RD,40.642968,-73.953197,0.21,2,393,2
CLARKSON AVE,40.655974,-73.940980,0.21,2,394,2
CLASSON AVE,40.696100,-73.961495,0.32,3,395,2
CLASSON AVE,40.682482,-73.959210,0.21,2,396,2
CLEARVIEW EXPRESSWAY,40.768510,-73.781345,0.21,2,397,2
CLEARVIEW EXPRESSWAY,40.758178,-73.777535,0.42,4,398,2
CLEARVIEW EXPRESSWAY,40.751360,-73.774495,0.32,3,399,2
CLEARVIEW EXPRESSWAY,40.740837,-73.769908,0.21,2,400,2
CLEARVIEW EXPY,40.750513,-73.773663,0.21,2,401,2
COLLEGE POINT BLVD,40.778648,-73.845730,0.21,2,402,2
COLLEGE POINT BLVD,40.755655,-73.833460,0.21,2,403,2
COLLEGE POINT BOULEVARD,40.743543,-73.836592,0.32,3,404,2
COLUMBIA ST,40.676229,-74.006937,0.21,2,405,2
COLUMBIA ST,40.688407,-74.001072,0.21,2,406,2
COLUMBUS AVE,40.690830,-74.033960,0.21,2,407,2
CONDUIT BLVD,40.676107,-73.866935,0.21,2,408,2
CONEY ISLAND AVE,40.645061,-73.970462,0.21,2,409,2
CONEY ISLAND AVE,40.637248,-73.968210,0.21,2,410,2
CONEY ISLAND AVE,40.607589,-73.961925,0.21,2,411,2
CONEY ISLAND AVE,40.585289,-73.960200,0.21,2,412,2
CORONA AVE,40.742043,-73.863115,0.21,2,413,2
COUNTRY CLUB RD,40.842918,-73.825958,0.21,2,414,2
COURT ST,40.675564,-73.999175,0.21,2,415,2
COURT ST,40.688725,-73.992838,0.21,2,416,2
COVERT ST,40.690702,-73.907993,0.21,2,417,2
CRESCENT ST,40.759485,-73.932532,0.21,2,418,2
CRESCENT ST,40.718411,-73.895180,0.21,2,419,2
CROPSEY AVE,40.596089,-74.001487,0.21,2,420,2
CROSS BAY BLVD,40.677763,-73.843990,0.21,2,421,2
CROSS BAY BLVD,40.665908,-73.841573,0.32,3,422,2
CROSS BRONX EXPRESSWAY,40.823453,-73.822168,0.21,2,423,2
CROSS BRONX EXPY,40.845003,-73.922505,0.32,3,424,2
CROSS BRONX EXPY,40.845140,-73.914550,0.21,2,425,2
CROSS BRONX EXPY,40.845037,-73.908660,0.32,3,426,2
CROSS BRONX EXPY,40.844169,-73.898818,0.21,2,427,2
CROSS BRONX EXPY,40.843846,-73.896852,0.21,2,428,2
CROSS BRONX EXPY,40.838594,-73.882780,0.21,2,429,2
CROSS BRONX EXPY,40.836908,-73.877205,0.21,2,430,2
CROSS BRONX EXPY,40.835902,-73.871533,0.42,4,431,2
CROSS BRONX EXPY,40.834108,-73.863885,0.32,3,432,2
CROSS BRONX EXPY,40.832273,-73.857090,0.21,2,433,2
CROSS BRONX EXPY,40.831081,-73.853045,0.21,2,434,2
CROSS BRONX EXPY,40.829535,-73.846165,0.21,2,435,2
CROSS BRONX EXPY,40.824323,-73.824405,0.21,2,436,2
CROSS ISLAND PARKWAY,40.788549,-73.817875,0.21,2,437,2
CROSS ISLAND PARKWAY,40.786067,-73.802170,0.21,2,438,2
CROSS ISLAND PARKWAY,40.789306,-73.786968,0.21,2,439,2
CROSS ISLAND PARKWAY,40.769091,-73.761527,0.21,2,440,2
CROSS ISLAND PARKWAY,40.761351,-73.755258,0.21,2,441,2
CROSS ISLAND PARKWAY,40.759225,-73.750348,0.21,2,442,2
CROSS ISLAND PARKWAY,40.755498,-73.746015,0.21,2,443,2
CROSS ISLAND PARKWAY,40.751519,-73.741985,0.32,3,444,2
CROSS ISLAND PARKWAY,40.728772,-73.732105,0.21,2,445,2
CROSS ISLAND PARKWAY,40.726416,-73.728125,0.42,4,446,2
CROSS ISLAND PARKWAY,40.693140,-73.726908,0.21,2,447,2
CROSS ISLAND PARKWAY,40.715967,-73.726820,0.21,2,448,2
CROSS ISLAND PARKWAY,40.691885,-73.726765,0.32,3,449,2
CROSS ISLAND PARKWAY,40.711461,-73.725105,0.21,2,450,2
CROSS ISLAND PARKWAY,40.735213,-73.723007,0.21,2,451,2
CROSS ISLAND PKWY,40.789869,-73.802855,0.21,2,452,2
CROSS ISLAND PKWY,40.757953,-73.750685,0.21,2,453,2
CROSS ISLAND PKWY,40.705750,-73.728713,0.21,2,454,2
CROSS ISLAND PKWY,40.688911,-73.726835,0.32,3,455,2
CYPRESS AVE,40.707379,-73.918475,0.21,2,456,2
CYPRESS AVE,40.703872,-73.912547,0.21,2,457,2
DEKALB AVE,40.689702,-73.975293,0.21,2,458,2
DEKALB AVE,40.691308,-73.951947,0.21,2,459,2
DELANCEY ST,40.718202,-73.987240,0.21,2,460,2
DITMARS BLVD,40.769126,-73.885458,0.21,2,461,2
DITMAS AVE,40.635767,-73.976063,0.21,2,462,2
DITMAS AVE,40.637718,-73.965850,0.21,2,463,2
DITMAS AVE,40.650493,-73.911035,0.32,3,464,2
E 102 ST,40.790710,-73.950570,0.21,2,465,2
E 105 ST,40.643353,-73.890035,0.21,2,466,2
E 109 ST,40.792523,-73.940962,0.21,2,467,2
E 12 ST,40.658886,-73.971980,0.21,2,468,2
E 122 ST,40.803477,-73.941270,0.21,2,469,2
E 125 ST,40.802252,-73.932393,0.53,5,470,2
E 127 ST,40.806692,-73.938895,0.21,2,471,2
E 128 ST,40.805838,-73.934920,0.21,2,472,2
E 138 ST,40.813446,-73.930723,0.32,3,473,2
E 138 ST,40.804715,-73.912458,0.21,2,474,2
E 141 ST,40.806384,-73.909910,0.21,2,475,2
E 149 ST,40.817973,-73.925038,0.21,2,476,2
E 149 ST,40.813108,-73.911293,0.32,3,477,2
E 15 ST,40.672995,-73.971758,0.21,2,478,2
E 158 ST,40.825789,-73.924455,0.21,2,479,2
E 161 ST,40.828041,-73.926600,0.21,2,480,2
E 161 ST,40.825865,-73.919360,0.21,2,481,2
E 163 ST,40.822903,-73.903825,0.21,2,482,2
E 163 ST,40.820994,-73.895897,0.21,2,483,2
E 167 ST,40.832919,-73.914975,0.21,2,484,2
E 169 ST,40.835009,-73.912050,0.21,2,485,2
E 17 ST,40.676875,-73.974961,0.21,2,486,2
E 170 ST,40.836603,-73.908010,0.21,2,487,2
E 172 ST,40.832447,-73.885053,0.21,2,488,2
E 174 ST,40.843429,-73.901143,0.21,2,489,2
E 174 ST,40.835029,-73.880422,0.21,2,490,2
E 178 ST,40.844623,-73.887530,0.21,2,491,2
E 18 ST,40.672390,-73.969358,0.21,2,492,2
E 180 ST,40.849500,-73.891816,0.21,2,493,2
E 182 ST,40.852989,-73.893055,0.21,2,494,2
E 183 ST,40.857319,-73.899180,0.21,2,495,2
E 183 ST,40.852939,-73.887810,0.21,2,496,2
E 189 ST,40.856677,-73.884610,0.21,2,497,2
E 199 ST,40.870486,-73.887475,0.21,2,498,2
E 21 ST,40.694557,-73.973643,0.21,2,499,2
E 214 ST,40.877970,-73.857677,0.21,2,500,2
E 23 ST,40.740435,-73.986935,0.21,2,501,2
E 23 ST,40.738357,-73.982025,0.21,2,502,2
E 23 ST,40.736376,-73.977452,0.21,2,503,2
E 233 ST,40.895065,-73.869240,0.32,3,504,2
E 233 ST,40.890342,-73.847230,0.21,2,505,2
E 234 ST,40.893710,-73.855513,0.21,2,506,2
E 29 ST,40.684965,-73.964940,0.21,2,507,2
E 34 ST,40.649945,-73.945595,0.21,2,508,2
E 35 ST,40.745736,-73.976092,0.32,3,509,2
E 42 ST,40.751781,-73.976865,0.21,2,510,2
E 46 ST,40.753361,-73.972695,0.21,2,511,2
E 49 ST,40.701645,-73.948910,0.21,2,512,2
E 52 ST,40.635272,-73.926672,0.21,2,513,2
E 53 ST,40.758087,-73.970305,0.21,2,514,2
E 55 ST,40.695066,-73.948220,0.21,2,515,2
E 57 ST,40.760930,-73.969135,0.21,2,516,2
E 59 ST,40.762094,-73.967865,0.21,2,517,2
E 60 ST,40.762042,-73.965805,0.21,2,518,2
E 61 ST,40.762375,-73.964655,0.32,3,519,2
E 62 ST,40.761011,-73.959475,0.42,4,520,2
E 65 ST,40.764839,-73.962727,0.21,2,521,2
E 7 ST,40.621640,-73.968585,0.21,2,522,2
E 83 ST,40.775761,-73.952780,0.21,2,523,2
E 86 ST,40.779838,-73.956405,0.32,3,524,2
E 88 ST,40.630254,-73.897415,0.21,2,525,2
E 93 ST,40.718996,-73.932822,0.21,2,526,2
E 96 ST,40.785398,-73.949820,0.21,2,527,2
E 97 ST,40.786261,-73.949752,0.21,2,528,2
E 98 ST,40.650505,-73.906788,0.21,2,529,2
E FORDHAM RD,40.862162,-73.895355,0.21,2,530,2
E FORDHAM RD,40.859764,-73.887702,0.21,2,531,2
E FORDHAM RD,40.857661,-73.882568,0.21,2,532,2
E GUN HILL RD,40.880255,-73.875256,0.21,2,533,2
E GUN HILL RD,40.870431,-73.846170,0.21,2,534,2
E GUN HILL RD,40.867707,-73.840935,0.21,2,535,2
E HOUSTON ST,40.724784,-73.994690,0.21,2,536,2
E HOUSTON ST,40.722333,-73.986660,0.21,2,537,2
E MOSHOLU PKWY N,40.877638,-73.882663,0.21,2,538,2
E NEW YORK AVE,40.664768,-73.928075,0.21,2,539,2
E NEW YORK AVE,40.669006,-73.918373,0.21,2,540,2
E NEW YORK AVE,40.671694,-73.912213,0.21,2,541,2
E TREMONT AVE,40.850386,-73.907205,0.32,3,542,2
E TREMONT AVE,40.846657,-73.895690,0.21,2,543,2
E TREMONT AVE,40.842022,-73.854755,0.21,2,544,2
E TREMONT AVE,40.832063,-73.827398,0.21,2,545,2
EASTERN PKWY,40.672298,-73.965007,0.32,3,546,2
EASTERN PKWY,40.669938,-73.951885,0.21,2,547,2
EASTERN PKWY,40.669406,-73.942190,0.21,2,548,2
EASTERN PKWY,40.668874,-73.932505,0.21,2,549,2
EASTERN PKWY,40.668577,-73.926975,0.42,4,550,2
EASTERN PKWY,40.669210,-73.922207,0.21,2,551,2
EASTERN PKWY,40.675785,-73.908142,0.42,4,552,2
EDSON AVE,40.879570,-73.838795,0.21,2,553,2
ELIOT AVE,40.717041,-73.896160,0.21,2,554,2
EVERGREEN AVE,40.698099,-73.930017,0.21,2,555,2
EXTERIOR STREET,40.816470,-73.931005,0.32,3,556,2
FARMERS BLVD,40.678837,-73.768060,0.21,2,557,2
FATHER CAPODANNO BLVD,40.574196,-74.085735,0.21,2,558,2
FDR DRIVE,40.708841,-73.997588,0.21,2,559,2
FDR DRIVE,40.726495,-73.975315,0.21,2,560,2
FDR DRIVE,40.719946,-73.974770,0.21,2,561,2
FDR DRIVE,40.735568,-73.974368,0.21,2,562,2
FDR DRIVE,40.750719,-73.965608,0.32,3,563,2
FDR DRIVE,40.758999,-73.957855,0.21,2,564,2
FDR DRIVE,40.768243,-73.949493,0.32,3,565,2
FDR DRIVE,40.772241,-73.945360,0.21,2,566,2
FDR DRIVE,40.778126,-73.943170,0.21,2,567,2
FDR DRIVE,40.785170,-73.940753,0.21,2,568,2
FDR DRIVE,40.788093,-73.937888,0.21,2,569,2
FDR DRIVE RAMP,40.708953,-74.000473,0.21,2,570,2
FEATHERBED LANE,40.845883,-73.917307,0.21,2,571,2
FILLMORE AVE,40.608045,-74.026841,0.21,2,572,2
FLATBUSH AVE,40.685370,-73.978380,0.21,2,573,2
FLATBUSH AVE,40.677198,-73.972465,0.21,2,574,2
FLATBUSH AVE,40.662390,-73.961908,0.32,3,575,2
FLATBUSH AVE,40.653251,-73.959390,0.21,2,576,2
FLATBUSH AVE,40.645331,-73.958015,0.21,2,577,2
FLATBUSH AVE,40.636259,-73.951265,0.21,2,578,2
FLATBUSH AVE,40.627528,-73.942060,0.21,2,579,2
FLATBUSH AVE,40.610635,-73.923430,0.21,2,580,2
FLATBUSH AVENUE EXT,40.692438,-73.982725,0.21,2,581,2
FLATLANDS AVE,40.640296,-73.905873,0.21,2,582,2
FLATLANDS AVE,40.656966,-73.876505,0.21,2,583,2
FLUSHING AVE,40.699383,-73.952385,0.21,2,584,2
FOREST AVE,40.625603,-74.150925,0.32,3,585,2
FOREST AVE,40.671278,-74.007980,0.21,2,586,2
FOREST HILL RD,40.577978,-74.158145,0.21,2,587,2
FORT HAMILTON PKWY,40.631616,-74.007760,0.21,2,588,2
FOSTER AVE,40.630557,-73.970391,0.21,2,589,2
FOSTER AVE,40.638838,-73.944460,0.21,2,590,2
FOSTER AVE,40.649403,-73.904035,0.21,2,591,2
FRANCIS LEWIS BLVD,40.723695,-73.762817,0.21,2,592,2
FRANKLIN AVE,40.678533,-73.957105,0.21,2,593,2
FRANKLIN AVE,40.679357,-73.955570,0.21,2,594,2
FRANKLIN D ROOSEVELT DR,40.789070,-73.937695,0.21,2,595,2
FREDERICK DOUGLASS BLVD,40.803116,-73.956322,0.21,2,596,2
FULTON ST,40.698138,-73.991582,0.32,3,597,2
FULTON ST,40.686473,-73.974833,0.21,2,598,2
FULTON ST,40.683262,-73.965833,0.21,2,599,2
FULTON ST,40.681650,-73.958130,0.21,2,600,2
FULTON ST,40.680435,-73.950377,0.42,4,601,2
FULTON ST,40.679839,-73.939385,0.21,2,602,2
FULTON ST,40.679127,-73.926305,0.21,2,603,2
FULTON ST,40.679168,-73.895820,0.21,2,604,2
FULTON ST,40.683021,-73.874403,0.32,3,605,2
GATES AVE,40.686217,-73.950588,0.21,2,606,2
GERARD AVE,40.834215,-73.920998,0.21,2,607,2
GERRITSEN AVE,40.600413,-73.933580,0.21,2,608,2
GLENMORE AVE,40.676431,-73.873910,0.21,2,609,2
GLENWOOD RD,40.639138,-73.911650,0.21,2,610,2
GOLD ST,40.701374,-73.994550,0.21,2,611,2
GOLD ST,40.697880,-73.983072,0.32,3,612,2
GOWANUS EXPY (BQE),40.639474,-74.021705,0.21,2,613,2
GOWANUS EXPY (BQE),40.639200,-74.021422,0.21,2,614,2
GOWANUS EXPY (BQE),40.651505,-74.010597,0.21,2,615,2
GOWANUS EXPY (BQE),40.656000,-74.005930,0.32,3,616,2
GOWANUS EXPY (BQE),40.665080,-74.001203,0.21,2,617,2
GOWANUS EXPY (BQE),40.666490,-73.997275,0.32,3,618,2
GOWANUS EXPY (BQE),40.666525,-73.996552,0.21,2,619,2
GOWANUS EXPY (BQE),40.666380,-73.996080,0.21,2,620,2
GRAHAM AVE,40.711213,-73.944385,0.21,2,621,2
GRAND AVE,40.701153,-73.940708,0.21,2,622,2
GRAND AVE,40.718682,-73.914720,0.21,2,623,2
GRAND AVE,40.862991,-73.902962,0.21,2,624,2
GRAND AVE,40.724958,-73.897150,0.21,2,625,2
GRAND CENTRAL PARKWAY,40.720747,-73.826865,0.53,5,626,2
GRAND CENTRAL PARKWAY,40.717438,-73.799373,0.42,4,627,2
GRAND CENTRAL PARKWAY,40.728266,-73.763800,0.32,3,628,2
GRAND CENTRAL PKWY,40.770582,-73.917578,0.21,2,629,2
GRAND CENTRAL PKWY,40.769773,-73.915165,0.42,4,630,2
GRAND CENTRAL PKWY,40.768985,-73.909570,0.32,3,631,2
GRAND CENTRAL PKWY,40.769104,-73.886902,0.21,2,632,2
GRAND CENTRAL PKWY,40.766172,-73.864846,0.21,2,633,2
GRAND CENTRAL PKWY,40.759420,-73.855123,0.32,3,634,2
GRAND CENTRAL PKWY,40.751045,-73.851025,0.21,2,635,2
GRAND CENTRAL PKWY,40.742052,-73.846122,0.21,2,636,2
GRAND CENTRAL PKWY,40.726005,-73.837898,0.21,2,637,2
GRAND CENTRAL PKWY,40.723940,-73.836902,0.21,2,638,2
GRAND CENTRAL PKWY,40.717541,-73.831350,0.21,2,639,2
GRAND CENTRAL PKWY,40.716552,-73.824463,0.21,2,640,2
GRAND CENTRAL PKWY,40.715835,-73.809910,0.21,2,641,2
GRAND CENTRAL PKWY,40.719150,-73.791818,0.21,2,642,2
GRAND CENTRAL PKWY,40.724394,-73.771480,0.21,2,643,2
GRAND CENTRAL PKWY,40.726032,-73.762232,0.21,2,644,2
GRAND CENTRAL PKWY,40.726801,-73.755155,0.21,2,645,2
GRAND CENTRAL PKWY,40.744023,-73.732218,0.21,2,646,2
GRAND CENTRAL PKWY,40.749783,-73.727930,0.21,2,647,2
GRAND CONC,40.854895,-73.902145,0.32,3,648,2
GRAND ST,40.716913,-73.989833,0.21,2,649,2
GRAND ST,40.712236,-73.953615,0.21,2,650,2
GUY R BREWER BLVD,40.689302,-73.786615,0.21,2,651,2
GUY R BREWER BLVD,40.662182,-73.768280,0.21,2,652,2
GUYON AVE,40.558208,-74.116440,0.21,2,653,2
HALSEY ST,40.683665,-73.933695,0.21,2,654,2
HAMILTON AVE,40.667946,-73.995895,0.21,2,655,2
HARLEM RIVER DRIVE,40.830137,-73.935170,0.21,2,656,2
HARLEM RIVER DRIVE,40.819711,-73.934820,0.21,2,657,2
HARLEM RIVER DRIVE,40.817108,-73.933920,0.21,2,658,2
HARLEM RIVER DRIVE,40.823206,-73.931180,0.21,2,659,2
HARLEM RIVER DRIVE,40.803417,-73.930688,0.32,3,660,2
HARLEM RIVER DRIVE RAMP,40.805723,-73.932025,0.21,2,661,2
HARMAN ST,40.695687,-73.923015,0.21,2,662,2
HARMAN ST,40.702863,-73.915923,0.21,2,663,2
HAVEMEYER ST,40.713147,-73.955932,0.21,2,664,2
HEGEMAN AVE,40.667312,-73.874505,0.21,2,665,2
HEMPSTEAD AVE,40.711668,-73.729717,0.21,2,666,2
HENRY HUDSON PARKWAY,40.781363,-73.987173,0.32,3,667,2
HENRY HUDSON PARKWAY,40.824070,-73.956268,0.21,2,668,2
HENRY HUDSON PARKWAY,40.833552,-73.950050,0.21,2,669,2
HENRY HUDSON PARKWAY,40.842545,-73.945220,0.21,2,670,2
HENRY HUDSON PARKWAY,40.884462,-73.914365,0.21,2,671,2
HENRY HUDSON PARKWAY,40.890473,-73.908939,0.21,2,672,2
HILLSIDE AVE,40.781116,-73.875950,0.21,2,673,2
HILLSIDE AVE,40.707096,-73.804955,0.21,2,674,2
HILLSIDE AVE,40.718067,-73.770115,0.21,2,675,2
HILLSIDE AVE,40.729438,-73.741954,0.21,2,676,2
HILLSIDE AVE,40.736847,-73.710588,0.21,2,677,2
HOLLIS AVE,40.706606,-73.756720,0.21,2,678,2
HORACE HARDING EXPY,40.733427,-73.865322,0.21,2,679,2
HORACE HARDING EXPY,40.739815,-73.845062,0.21,2,680,2
HOWARD AVE,40.679162,-73.920575,0.21,2,681,2
HOWARD AVE,40.667065,-73.919743,0.21,2,682,2
HOYT AVE N,40.774508,-73.921673,0.21,2,683,2
HUTCHINSON RIVER PARKWAY,40.836145,-73.837740,0.21,2,684,2
HUTCHINSON RIVER PARKWAY,40.826683,-73.836540,0.21,2,685,2
HUTCHINSON RIVER PARKWAY,40.854651,-73.834110,0.21,2,686,2
HUTCHINSON RIVER PARKWAY,40.867812,-73.822760,0.21,2,687,2
HUTCHINSON RIVER PKWY E,40.854577,-73.830120,0.21,2,688,2
HYLAN BLVD,40.521234,-74.190815,0.21,2,689,2
HYLAN BLVD,40.538680,-74.149345,0.21,2,690,2
HYLAN BLVD,40.562593,-74.117730,0.21,2,691,2
HYLAN BLVD,40.567063,-74.113185,0.21,2,692,2
HYLAN BLVD,40.576756,-74.102967,0.21,2,693,2
HYLAN BLVD,40.587103,-74.091585,0.21,2,694,2
HYLAN BLVD,40.592450,-74.087470,0.32,3,695,2
HYLAN BLVD,40.596900,-74.084740,0.21,2,696,2
HYLAN BOULEVARD,40.606190,-74.077090,0.32,3,697,2
HYLAN BOULEVARD,40.611648,-74.070935,0.21,2,698,2
INDEPENDENCE AVE,40.883538,-73.916642,0.21,2,699,2
JACKIE ROBINSON PKWY,40.690270,-73.886992,0.32,3,700,2
JACKIE ROBINSON PKWY,40.697744,-73.871352,0.21,2,701,2
JACKIE ROBINSON PKWY,40.708465,-73.843990,0.21,2,702,2
JACKIE ROBINSON PKWY,40.710486,-73.837863,0.21,2,703,2
JACKSON AVE,40.747369,-73.941520,0.21,2,704,2
JAMAICA AVE,40.680904,-73.891578,0.21,2,705,2
JAMAICA AVE,40.686426,-73.880042,0.32,3,706,2
JAMAICA AVE,40.692905,-73.857157,0.21,2,707,2
JAMAICA AVE,40.698920,-73.833265,0.32,3,708,2
JAMAICA AVE,40.705239,-73.793482,0.21,2,709,2
JAMAICA AVE,40.713014,-73.759040,0.21,2,710,2
JAY ST,40.694180,-73.987205,0.32,3,711,2
JEROME AVE,40.836877,-73.921300,0.21,2,712,2
JEROME AVE,40.846430,-73.913260,0.32,3,713,2
JEROME AVE,40.866045,-73.896532,0.21,2,714,2
JEROME AVE,40.882428,-73.881898,0.21,2,715,2
JUNCTION BLVD,40.754178,-73.872243,0.21,2,716,2
JUNCTION BLVD,40.748573,-73.869465,0.21,2,717,2
KENMARE ST,40.720885,-73.995720,0.21,2,718,2
KINGS HWY,40.605527,-73.974533,0.21,2,719,2
KINGS HWY,40.625756,-73.935987,0.21,2,720,2
KINGS HWY,40.642888,-73.925514,0.21,2,721,2
KINGSLAND AVE,40.795817,-73.890865,0.21,2,722,2
KISSENA BLVD,40.732100,-73.814927,0.21,2,723,2
KNICKERBOCKER AVE,40.701529,-73.923133,0.21,2,724,2
LAFAYETTE AVE,40.688064,-73.967242,0.21,2,725,2
LAFAYETTE AVE,40.820615,-73.863548,0.21,2,726,2
LEFFERTS BLVD,40.687966,-73.825602,0.32,3,727,2
LELAND AVE,40.837407,-73.864655,0.21,2,728,2
LENOX RD,40.654251,-73.948495,0.21,2,729,2
LEWIS AVE,40.688624,-73.936172,0.21,2,730,2
LEXINGTON AVE,40.747690,-73.978782,0.21,2,731,2
LEXINGTON AVE,40.753056,-73.974877,0.21,2,732,2
LEXINGTON AVE,40.766008,-73.965422,0.21,2,733,2
LEXINGTON AVE,40.793211,-73.945570,0.21,2,734,2
LIBERTY AVE,40.674326,-73.896997,0.32,3,735,2
LIBERTY AVE,40.678207,-73.870522,0.21,2,736,2
LIBERTY AVE,40.683882,-73.833088,0.21,2,737,2
LIBERTY AVE,40.698199,-73.799630,0.21,2,738,2
LINDEN BLVD,40.653179,-73.940678,0.21,2,739,2
LINDEN BLVD,40.654356,-73.919005,0.32,3,740,2
LINDEN BLVD,40.655840,-73.904392,0.21,2,741,2
LINDEN BLVD,40.657483,-73.896495,0.21,2,742,2
LINDEN BLVD,40.661034,-73.884912,0.21,2,743,2
LINDEN BLVD,40.669661,-73.861410,0.21,2,744,2
LINDEN BLVD,40.680953,-73.815595,0.32,3,745,2
LINDEN BLVD,40.693790,-73.762490,0.21,2,746,2
LITTLE NECK PKWY,40.745360,-73.718445,0.21,2,747,2
LONG ISLAND EXPRESSWAY,40.738496,-73.938450,0.21,2,748,2
LONG ISLAND EXPRESSWAY,40.730144,-73.912980,0.21,2,749,2
LONG ISLAND EXPRESSWAY,40.725911,-73.893032,0.21,2,750,2
LONG ISLAND EXPRESSWAY,40.728111,-73.885100,0.21,2,751,2
LONG ISLAND EXPRESSWAY,40.732810,-73.868390,0.21,2,752,2
LONG ISLAND EXPRESSWAY,40.736836,-73.855065,0.21,2,753,2
LONG ISLAND EXPRESSWAY,40.740571,-73.844278,0.21,2,754,2
LONG ISLAND EXPRESSWAY,40.742455,-73.832443,0.42,4,755,2
LONG ISLAND EXPRESSWAY,40.740603,-73.819922,0.32,3,756,2
LONG ISLAND EXPRESSWAY,40.738597,-73.811452,0.21,2,757,2
LONG ISLAND EXPRESSWAY,40.738573,-73.797950,0.21,2,758,2
LONG ISLAND EXPRESSWAY,40.740690,-73.787337,0.21,2,759,2
LONG ISLAND EXPRESSWAY,40.743432,-73.775470,0.21,2,760,2
LONG ISLAND EXPRESSWAY,40.744768,-73.770315,0.42,4,761,2
LONG ISLAND EXPRESSWAY,40.745783,-73.767735,0.21,2,762,2
LONG ISLAND EXPRESSWAY,40.747554,-73.761635,0.21,2,763,2
LONG ISLAND EXPRESSWAY,40.749428,-73.756818,0.21,2,764,2
LONG ISLAND EXPRESSWAY,40.750170,-73.752895,0.32,3,765,2
LONG ISLAND EXPRESSWAY,40.759113,-73.735510,0.32,3,766,2
LONG ISLAND EXPRESSWAY,40.764420,-73.723606,0.32,3,767,2
LONGWOOD AVE,40.816037,-73.895745,0.21,2,768,2
LORING PL N,40.861561,-73.908518,0.21,2,769,2
LOTT AVE,40.657332,-73.911812,0.21,2,770,2
MACOMBS PL,40.827416,-73.936218,0.21,2,771,2
MADISON AVE,40.778023,-73.960873,0.21,2,772,2
MAIN ST,40.757610,-73.829218,0.21,2,773,2
MAIN ST,40.747862,-73.826018,0.21,2,774,2
MAIN ST,40.724334,-73.820575,0.21,2,775,2
MAJOR DEEGAN EXPRESSWAY,40.825079,-73.931055,0.21,2,776,2
MAJOR DEEGAN EXPRESSWAY,40.819159,-73.930867,0.21,2,777,2
MAJOR DEEGAN EXPRESSWAY,40.829375,-73.930047,0.21,2,778,2
MAJOR DEEGAN EXPRESSWAY,40.845271,-73.926482,0.21,2,779,2
MAJOR DEEGAN EXPRESSWAY,40.851641,-73.921545,0.32,3,780,2
MAJOR DEEGAN EXPRESSWAY,40.803817,-73.916445,0.21,2,781,2
MAJOR DEEGAN EXPRESSWAY,40.839934,-73.908557,0.32,3,782,2
MAJOR DEEGAN EXPRESSWAY,40.877273,-73.904320,0.21,2,783,2
MAJOR DEEGAN EXPRESSWAY,40.887513,-73.893242,0.32,3,784,2
MAJOR DEEGAN EXPRESSWAY,40.890686,-73.886830,0.21,2,785,2
MAJOR DEEGAN EXPRESSWAY,40.901468,-73.878822,0.21,2,786,2
MAJOR DEEGAN EXPRESSWAY RAMP,40.820949,-73.931735,0.21,2,787,2
MAJOR DEEGAN EXPRESSWAY RAMP,40.832584,-73.915200,0.21,2,788,2
MAJOR DEEGAN EXPY,40.873911,-73.904677,0.32,3,789,2
MALCOLM X BLVD,40.691125,-73.930685,0.21,2,790,2
MANHATTAN AVE,40.732675,-73.954665,0.21,2,791,2
MANHATTAN AVE,40.707524,-73.944960,0.21,2,792,2
MARCUS GARVEY BLVD,40.691952,-73.939825,0.21,2,793,2
MARCY AVE,40.689142,-73.947965,0.21,2,794,2
MCDONALD AVE,40.611454,-73.974355,0.21,2,795,2
MCGUINNESS BLVD,40.730807,-73.951633,0.21,2,796,2
MCGUINNESS BLVD,40.728479,-73.950365,0.21,2,797,2
MERRICK BLVD,40.700477,-73.788730,0.21,2,798,2
MERRICK BLVD,40.680780,-73.763820,0.21,2,799,2
MERRICK BLVD,40.675198,-73.738195,0.32,3,800,2
METROPOLITAN AVE,40.714529,-73.944385,0.21,2,801,2
METROPOLITAN AVE,40.713640,-73.919530,0.21,2,802,2
METROPOLITAN AVE,40.712730,-73.867550,0.21,2,803,2
MONTAUK AVE,40.671228,-73.877220,0.21,2,804,2
MONTROSE AVE,40.707496,-73.941518,0.21,2,805,2
MORRIS AVE,40.823961,-73.919230,0.21,2,806,2
MORRIS AVE,40.855105,-73.904403,0.21,2,807,2
MORRIS PARK AVE,40.845059,-73.865650,0.21,2,808,2
MOTHER GASTON BLVD,40.670873,-73.907165,0.42,4,809,2
MOTHER GASTON BLVD,40.663107,-73.905180,0.21,2,810,2
MOTT AVE,40.605815,-73.757690,0.21,2,811,2
MURDOCK AVE,40.802259,-73.799613,0.21,2,812,2
MYRTLE AVE,40.693370,-73.976012,0.32,3,813,2
MYRTLE AVE,40.696005,-73.943680,0.21,2,814,2
MYRTLE AVE,40.700339,-73.890322,0.21,2,815,2
MYRTLE AVE,40.700958,-73.840340,0.21,2,816,2
N CONDUIT AVE,40.667605,-73.831880,0.21,2,817,2
N CONDUIT AVE,40.666987,-73.807888,0.21,2,818,2
N CONDUIT AVE,40.667414,-73.788017,0.21,2,819,2
NAGLE AVE,40.862000,-73.923615,0.32,3,820,2
NELSON AVE,40.690949,-74.037415,0.21,2,821,2
NEPTUNE AVE,40.577710,-73.996320,0.21,2,822,2
NEPTUNE AVE,40.578173,-73.992090,0.21,2,823,2
NEPTUNE AVE,40.578419,-73.989978,0.21,2,824,2
NEPTUNE AVE,40.579182,-73.982513,0.21,2,825,2
NEREID AVE,40.898362,-73.852397,0.21,2,826,2
NEW DORP LN,40.572312,-74.113224,0.21,2,827,2
NEW ENGLAND THRUWAY,40.875532,-73.823085,0.21,2,828,2
NEW LOTS AVE,40.664026,-73.887990,0.21,2,829,2
NEW UTRECHT AVE,40.620655,-73.998570,0.21,2,830,2
NEW YORK AVE,40.652804,-73.946877,0.21,2,831,2
NEW YORK AVE,40.637617,-73.945245,0.21,2,832,2
NEWKIRK AVE,40.639959,-73.948895,0.21,2,833,2
NORTHERN BLVD,40.749947,-73.936065,0.21,2,834,2
NORTHERN BLVD,40.752562,-73.923790,0.32,3,835,2
NORTHERN BLVD,40.753492,-73.910577,0.21,2,836,2
NORTHERN BLVD,40.754632,-73.894222,0.21,2,837,2
NORTHERN BLVD,40.760603,-73.845650,0.32,3,838,2
NORTHERN BLVD,40.764669,-73.812148,0.21,2,839,2
NORTHERN BLVD,40.758915,-73.778405,0.32,3,840,2
NORTHERN BLVD,40.760465,-73.767975,0.21,2,841,2
NORTHERN BLVD,40.761838,-73.759397,0.21,2,842,2
NORTHERN BLVD,40.769270,-73.736832,0.21,2,843,2
NOSTRAND AVE,40.670302,-73.950457,0.21,2,844,2
NOSTRAND AVE,40.669033,-73.950010,0.21,2,845,2
NOSTRAND AVE,40.677263,-73.949807,0.21,2,846,2
NOSTRAND AVE,40.680731,-73.949635,0.32,3,847,2
NOSTRAND AVE,40.640442,-73.948460,0.21,2,848,2
OCEAN AVE,40.625238,-74.012503,0.21,2,849,2
OCEAN AVE,40.646687,-73.960365,0.21,2,850,2
OCEAN AVE,40.616032,-73.954560,0.21,2,851,2
OCEAN AVE,40.607490,-73.952945,0.21,2,852,2
OCEAN PKWY,40.645888,-73.973135,0.21,2,853,2
OCEAN PKWY,40.609606,-73.967715,0.21,2,854,2
OGDEN AVE,40.837070,-73.927023,0.21,2,855,2
PACIFIC ST,40.679304,-73.958722,0.21,2,856,2
PARK AVE,40.722046,-73.978640,0.21,2,857,2
PARK AVE,40.696058,-73.968922,0.21,2,858,2
PARK AVE,40.813874,-73.927475,0.32,3,859,2
PARKSIDE AVE,40.653673,-73.959488,0.21,2,860,2
PARSONS BLVD,40.763521,-73.822425,0.21,2,861,2
PARSONS BLVD,40.756126,-73.816403,0.21,2,862,2
PARSONS BLVD,40.731832,-73.808880,0.21,2,863,2
PEARL ST,40.703106,-73.997845,0.32,3,864,2
PELHAM PARKWAY,40.857556,-73.862123,0.42,4,865,2
PELHAM PKWY,40.856466,-73.849442,0.32,3,866,2
PELHAM PKWY S,40.856828,-73.860007,0.21,2,867,2
PELHAM PKWY S,40.856522,-73.840113,0.21,2,868,2
PENNSYLVANIA AVE,40.672553,-73.896038,0.21,2,869,2
PENNSYLVANIA AVE,40.654398,-73.885780,0.21,2,870,2
PITKIN AVE,40.668917,-73.915908,0.21,2,871,2
PITKIN AVE,40.671272,-73.900042,0.21,2,872,2
PITKIN AVE,40.673617,-73.884152,0.21,2,873,2
PORT RICHMOND AVE,40.638687,-74.132802,0.21,2,874,2
PRESIDENT ST,40.675556,-73.973550,0.21,2,875,2
PRINCE ST,40.763417,-73.833315,0.21,2,876,2
PROSPECT AVE,40.747378,-73.942505,0.21,2,877,2
PROSPECT EXPRESSWAY RAMP,40.656549,-73.981465,0.21,2,878,2
QUEENS BLVD,40.735765,-73.876405,0.21,2,879,2
QUEENS BLVD,40.730964,-73.864475,0.21,2,880,2
QUEENS BLVD,40.710437,-73.822078,0.21,2,881,2
RALPH AVE,40.687460,-73.923625,0.21,2,882,2
RALPH AVE,40.682308,-73.922610,0.21,2,883,2
RALPH AVE,40.639757,-73.919412,0.21,2,884,2
RALPH AVE,40.628118,-73.918175,0.32,3,885,2
RANDALL AVE,40.817160,-73.862473,0.21,2,886,2
REMSEN AVE,40.650032,-73.916890,0.21,2,887,2
REMSEN AVE,40.640982,-73.906807,0.42,4,888,2
RICHMOND AVE,40.558118,-74.167785,0.21,2,889,2
RICHMOND RD,40.576760,-74.120535,0.21,2,890,2
RICHMOND RD,40.578972,-74.115620,0.21,2,891,2
RICHMOND RD,40.591476,-74.099415,0.21,2,892,2
RICHMOND TER,40.644264,-74.128299,0.21,2,893,2
RIVERDALE AVE,40.663159,-73.894100,0.32,3,894,2
RIVERSIDE DR,40.797073,-73.974497,0.21,2,895,2
RIVERSIDE DR,40.825460,-73.955020,0.21,2,896,2
RIVERSIDE DR,40.853750,-73.937585,0.21,2,897,2
RIVINGTON ST,40.719456,-73.986305,0.21,2,898,2
ROCHESTER AVE,40.673550,-73.927883,0.21,2,899,2
ROCKAWAY AVE,40.676529,-73.911360,0.21,2,900,2
ROCKAWAY AVE,40.673250,-73.911032,0.21,2,901,2
ROCKAWAY AVE,40.677311,-73.910840,0.21,2,902,2
ROCKAWAY AVE,40.658710,-73.907937,0.21,2,903,2
ROCKAWAY BEACH BLVD,40.587708,-73.809088,0.21,2,904,2
ROCKAWAY BLVD,40.681151,-73.845890,0.21,2,905,2
ROCKAWAY BLVD,40.678303,-73.830732,0.21,2,906,2
ROCKAWAY BLVD,40.675600,-73.813362,0.21,2,907,2
ROCKAWAY BLVD,40.670300,-73.787825,0.21,2,908,2
ROCKAWAY PKWY,40.654688,-73.912957,0.21,2,909,2
ROCKAWAY PKWY,40.644714,-73.901845,0.21,2,910,2
ROCKAWAY PKWY,40.637107,-73.893375,0.21,2,911,2
ROCKAWAY PKWY,40.633122,-73.888935,0.42,4,912,2
ROCKAWAY PKWY,40.631135,-73.886715,0.53,5,913,2
ROCKLAND AVE,40.585665,-74.139775,0.21,2,914,2
ROGERS AVE,40.663725,-73.953412,0.21,2,915,2
ROOSEVELT AVE,40.745662,-73.902752,0.21,2,916,2
ROOSEVELT AVE,40.747952,-73.880905,0.21,2,917,2
ROOSEVELT AVE,40.755781,-73.842232,0.42,4,918,2
ROOSEVELT AVE,40.760282,-73.827282,0.21,2,919,2
S CONDUIT AVE,40.668650,-73.829362,0.21,2,920,2
S CONDUIT AVE,40.665556,-73.756445,0.21,2,921,2
S CONDUIT AVE,40.665430,-73.746212,0.21,2,922,2
SCHENECTADY AVE,40.668529,-73.933930,0.21,2,923,2
SCHENECTADY AVE,40.676358,-73.933190,0.21,2,924,2
SCHERMERHORN ST,40.687833,-73.982985,0.21,2,925,2
SEAGIRT BLVD,40.595512,-73.758530,0.21,2,926,2
SEAVIEW AVE,40.628440,-73.898017,0.21,2,927,2
SEWARD AVE,40.819376,-73.861500,0.21,2,928,2
SHEA RD,40.755394,-73.850107,0.21,2,929,2
SHELL RD,40.586850,-73.974397,0.21,2,930,2
SHORE PKWY,40.583790,-73.967752,0.21,2,931,2
SHORE PKWY,40.608222,-73.920605,0.21,2,932,2
SHORE RD,40.634835,-74.038140,0.21,2,933,2
SLOSSON AVE,40.610759,-74.116755,0.32,3,934,2
SNYDER AVE,40.649634,-73.937872,0.21,2,935,2
SNYDER AVE,40.650612,-73.922082,0.21,2,936,2
SOUNDVIEW AVE,40.824953,-73.869917,0.21,2,937,2
SOUTH AVE,40.622729,-74.167945,0.21,2,938,2
SOUTHERN BLVD,40.835014,-73.891115,0.32,3,939,2
SPRINGFIELD BLVD,40.702258,-73.741042,0.21,2,940,2
ST ANNS AVE,40.812627,-73.913905,0.21,2,941,2
ST JOHNS PL,40.670885,-73.936490,0.21,2,942,2
ST JOHNS PL,40.670505,-73.929567,0.32,3,943,2
ST MARKS AVE,40.676899,-73.949990,0.21,2,944,2
ST NICHOLAS AVE,40.808656,-73.952452,0.21,2,945,2
ST NICHOLAS AVE,40.827460,-73.943063,0.21,2,946,2
ST NICHOLAS AVE,40.846667,-73.935483,0.21,2,947,2
STANHOPE ST,40.706094,-73.915035,0.21,2,948,2
STANLEY AVE,40.657311,-73.888645,0.21,2,949,2
STANLEY AVE,40.664558,-73.870728,0.21,2,950,2
STATEN ISLAND EXPRESSWAY,40.622146,-74.173935,0.21,2,951,2
STATEN ISLAND EXPRESSWAY,40.620551,-74.167172,0.53,5,952,2
STATEN ISLAND EXPRESSWAY,40.608885,-74.149055,0.42,4,953,2
STATEN ISLAND EXPRESSWAY,40.607996,-74.135120,0.21,2,954,2
STATEN ISLAND EXPRESSWAY,40.609222,-74.111645,0.42,4,955,2
STATEN ISLAND EXPY,40.617244,-74.164002,0.21,2,956,2
STEINWAY ST,40.756861,-73.920753,0.21,2,957,2
STILLWELL AVE,40.596571,-73.985235,0.21,2,958,2
SUTPHIN BLVD,40.702396,-73.808180,0.21,2,959,2
SUTPHIN BLVD,40.700885,-73.807812,0.21,2,960,2
SUTPHIN BLVD,40.691913,-73.799107,0.21,2,961,2
SUTPHIN BLVD,40.685573,-73.793355,0.32,3,962,2
SUTTER AVE,40.670394,-73.888323,0.21,2,963,2
SUTTER AVE,40.671741,-73.879157,0.21,2,964,2
SUTTER AVE,40.673227,-73.834605,0.21,2,965,2
THOMAS S BOYLAND ST,40.676223,-73.913875,0.21,2,966,2
THOMAS S BOYLAND ST,40.667141,-73.911840,0.21,2,967,2
THOMSON AVE,40.744985,-73.935643,0.21,2,968,2
THROGS NECK EXPY,40.824497,-73.817425,0.42,4,969,2
TODT HILL RD,40.600056,-74.113085,0.21,2,970,2
TOMPKINS AVE,40.690573,-73.945347,0.21,2,971,2
TROY AVE,40.672224,-73.936377,0.21,2,972,2
UNDERHILL AVE,40.746872,-73.795335,0.21,2,973,2
UNION ST,40.682400,-73.996690,0.21,2,974,2
UNION ST,40.673729,-73.969392,0.21,2,975,2
UNION ST,40.761636,-73.827058,0.21,2,976,2
UNION TPKE,40.721730,-73.799420,0.21,2,977,2
UNION TPKE,40.741093,-73.727965,0.21,2,978,2
UTICA AVE,40.667068,-73.931282,0.21,2,979,2
UTICA AVE,40.665381,-73.930755,0.21,2,980,2
UTICA AVE,40.646935,-73.929865,0.32,3,981,2
UTICA AVE,40.626017,-73.927635,0.21,2,982,2
UTOPIA PKWY,40.742470,-73.792480,0.21,2,983,2
VALENTINE AVE,40.861796,-73.894602,0.21,2,984,2
VAN SINDEREN AVE,40.668111,-73.901288,0.21,2,985,2
VAN WYCK EXPWY,40.764860,-73.839390,0.21,2,986,2
VAN WYCK EXPWY,40.748870,-73.838030,0.32,3,987,2
VAN WYCK EXPWY,40.738774,-73.836640,0.21,2,988,2
VAN WYCK EXPWY,40.725399,-73.830265,0.21,2,989,2
VAN WYCK EXPWY,40.715137,-73.825120,0.21,2,990,2
VAN WYCK EXPWY,40.704458,-73.817540,0.32,3,991,2
VAN WYCK EXPWY,40.692435,-73.811050,0.21,2,992,2
VAN WYCK EXPWY,40.674943,-73.801955,0.42,4,993,2
VAN WYCK EXPY,40.735570,-73.835257,0.21,2,994,2
VANDERBILT AVE,40.648910,-74.022910,0.21,2,995,2
VANDERVOORT AVE,40.719907,-73.935905,0.21,2,996,2
VARICK ST,40.723433,-74.006175,0.21,2,997,2
VICTORY BLVD,40.596182,-74.183530,0.21,2,998,2
W 114 ST,40.803423,-73.957050,0.21,2,999,2
W 115 ST,40.806736,-73.962970,0.21,2,1000,2
W 125 ST,40.810169,-73.951168,0.32,3,1001,2
W 129 ST,40.812715,-73.949315,0.21,2,1002,2
W 145 ST,40.822235,-73.940491,0.32,3,1003,2
W 155 ST,40.830655,-73.940810,0.21,2,1004,2
W 162 ST,40.837868,-73.944227,0.21,2,1005,2
W 168 ST,40.841555,-73.940873,0.21,2,1006,2
W 170 ST,40.841725,-73.931485,0.32,3,1007,2
W 174 ST,40.846089,-73.929435,0.21,2,1008,2
W 176 ST,40.848033,-73.927783,0.21,2,1009,2
W 179 ST,40.849114,-73.938002,0.21,2,1010,2
W 181 ST,40.849143,-73.933318,0.32,3,1011,2
W 186 ST,40.852790,-73.932848,0.21,2,1012,2
W 187 ST,40.854342,-73.934560,0.21,2,1013,2
W 19 ST,40.741043,-73.996015,0.32,3,1014,2
W 190 ST,40.859890,-73.916080,0.21,2,1015,2
W 207 ST,40.867628,-73.921165,0.32,3,1016,2
W 207 ST,40.864635,-73.919155,0.42,4,1017,2
W 21 ST,40.742134,-73.994965,0.21,2,1018,2
W 23 ST,40.744022,-73.995455,0.21,2,1019,2
W 230 ST,40.876925,-73.906390,0.32,3,1020,2
W 24 ST,40.661032,-73.997200,0.21,2,1021,2
W 25 ST,40.745978,-73.996135,0.21,2,1022,2
W 29 ST,40.660965,-73.995325,0.21,2,1023,2
W 30 ST,40.753275,-74.003862,0.21,2,1024,2
W 30 ST,40.749687,-73.995290,0.32,3,1025,2
W 30 ST,40.746599,-73.988010,0.21,2,1026,2
W 31 ST,40.662119,-73.997365,0.21,2,1027,2
W 31 ST,40.749699,-73.993422,0.21,2,1028,2
W 34 ST,40.755804,-74.002038,0.42,4,1029,2
W 36 ST,40.754075,-73.993953,0.21,2,1030,2
W 37 ST,40.755893,-73.996335,0.21,2,1031,2
W 40 ST,40.754535,-73.987375,0.21,2,1032,2
W 41 ST,40.759577,-73.997363,0.21,2,1033,2
W 42 ST,40.760824,-73.998313,0.32,3,1034,2
W 42 ST,40.758705,-73.993282,0.32,3,1035,2
W 43 ST,40.760843,-73.996265,0.21,2,1036,2
W 43 ST,40.757234,-73.987703,0.21,2,1037,2
W 44 ST,40.757936,-73.987430,0.32,3,1038,2
W 46 ST,40.761034,-73.990900,0.21,2,1039,2
W 49 ST,40.762427,-73.988375,0.21,2,1040,2
W 51 ST,40.764114,-73.988490,0.21,2,1041,2
W 56 ST,40.767841,-73.987625,0.21,2,1042,2
W 57 ST,40.764841,-73.978425,0.32,3,1043,2
W 65 ST,40.773594,-73.983540,0.21,2,1044,2
W 66 ST,40.773148,-73.980470,0.21,2,1045,2
W 96 ST,40.794952,-73.972498,0.32,3,1046,2
W 96 ST,40.792858,-73.967525,0.21,2,1047,2
W BROADWAY,40.720239,-74.005787,0.21,2,1048,2
W FORDHAM RD,40.861891,-73.912850,0.21,2,1049,2
W FORDHAM RD,40.862783,-73.906240,0.21,2,1050,2
W FORDHAM RD,40.862727,-73.902805,0.32,3,1051,2
W HOUSTON ST,40.728940,-74.008880,0.21,2,1052,2
W HOUSTON ST,40.728319,-74.003735,0.21,2,1053,2
WALTON AVE,40.837995,-73.917175,0.21,2,1054,2
WASHINGTON AVE,40.675379,-73.963312,0.21,2,1055,2
WEBSTER AVE,40.734344,-73.942197,0.21,2,1056,2
WEBSTER AVE,40.848642,-73.900283,0.21,2,1057,2
WEBSTER AVE,40.874663,-73.874605,0.21,2,1058,2
WEST SHORE EXPRESSWAY,40.545817,-74.212208,0.21,2,1059,2
WEST SHORE EXPRESSWAY,40.589089,-74.189155,0.21,2,1060,2
WEST ST,40.727451,-74.010847,0.21,2,1061,2
WESTCHESTER AVE,40.818001,-73.904825,0.21,2,1062,2
WESTCHESTER AVE,40.829207,-73.875982,0.21,2,1063,2
WESTCHESTER AVE,40.838653,-73.843895,0.21,2,1064,2
WESTCHESTER AVE,40.845156,-73.834660,0.21,2,1065,2
WHITE PLAINS RD,40.840817,-73.864573,0.32,3,1066,2
WHITE PLAINS RD,40.859829,-73.862265,0.21,2,1067,2
WHITE PLAINS RD,40.854458,-73.854112,0.21,2,1068,2
WHITE ST,40.705663,-73.935365,0.21,2,1069,2
WHITESTONE EXPRESSWAY,40.773217,-73.831238,0.21,2,1070,2
WHITESTONE EXPRESSWAY,40.781444,-73.825998,0.21,2,1071,2
WHITESTONE EXPRESSWAY,40.787116,-73.823675,0.32,3,1072,2
WILLIAMSBRIDGE RD,40.849962,-73.850797,0.21,2,1073,2
WILLIAMSBURG BRIDGE OUTER ROADWA,40.714399,-73.974878,0.21,2,1074,2
WILLIAMSBURG ST W,40.700739,-73.961590,0.21,2,1075,2
WILSON AVE,40.700269,-73.924955,0.21,2,1076,2
WILSON AVE,40.786444,-73.885125,0.21,2,1077,2
WINTHROP ST,40.658816,-73.929165,0.32,3,1078,2
WOODHAVEN BLVD,40.730258,-73.871500,0.21,2,1079,2
WOODHAVEN BLVD,40.719017,-73.864985,0.21,2,1080,2
WOODHAVEN BLVD,40.703674,-73.855655,0.21,2,1081,2
WOODHAVEN BLVD,40.699368,-73.854060,0.21,2,1082,2
WOODHAVEN BLVD,40.692735,-73.851673,0.21,2,1083,2
WOODHAVEN BLVD,40.689698,-73.849853,0.21,2,1084,2
WOODROW RD,40.542025,-74.205085,0.21,2,1085,2
WOODSIDE AVE,40.743578,-73.899005,0.21,2,1086,2
WOODWARD AVE,40.657981,-74.027605,0.21,2,1087,2
WYCKOFF AVE,40.704311,-73.919230,0.21,2,1088,2
WYTHE AVE,40.709602,-73.961060,0.21,2,1089,2
YELLOWSTONE BLVD,40.718297,-73.855265,0.21,2,1090,2
YORK AVE,40.769197,-73.952033,0.21,2,1091,2
